-- ============================================================================
-- ONE CONNEXION - MIGRATION TARIFAIRE - INSERTION DES DONNÉES
-- ============================================================================
-- Script d'insertion pour migrer toutes les données de PRISES_EN_CHARGE
-- vers la table city_pricing
-- 
-- @version 1.0
-- @date 2025-12-19
-- ============================================================================

-- Insertion de toutes les villes avec leurs tarifs
INSERT INTO public.city_pricing (city_name, zip_code, price_normal, price_express, price_urgence, price_vl_normal, price_vl_express) VALUES

-- ============================================================================
-- PARIS (75)
-- ============================================================================
('PARIS', '75000', 2, 4, 7, 7, 14),
('PARIS-01', '75001', 2, 4, 7, 7, 14),
('PARIS-02', '75002', 2, 4, 7, 7, 14),
('PARIS-03', '75003', 3, 6, 9, 8, 18),
('PARIS-04', '75004', 3, 6, 9, 8, 18),
('PARIS-05', '75005', 3, 6, 9, 8, 18),
('PARIS-06', '75006', 3, 6, 9, 8, 18),
('PARIS-07', '75007', 2, 4, 7, 7, 14),
('PARIS-08', '75008', 2, 4, 7, 7, 14),
('PARIS-09', '75009', 2, 4, 7, 7, 14),
('PARIS-10', '75010', 3, 6, 9, 8, 18),
('PARIS-11', '75011', 3, 6, 9, 8, 18),
('PARIS-12', '75012', 3, 6, 9, 8, 18),
('PARIS-13', '75013', 3, 6, 9, 8, 18),
('PARIS-14', '75014', 3, 6, 9, 8, 18),
('PARIS-15', '75015', 2, 4, 7, 7, 14),
('PARIS-16', '75016', 2, 4, 7, 7, 14),
('PARIS-17', '75017', 2, 4, 7, 7, 14),
('PARIS-18', '75018', 3, 6, 9, 8, 18),
('PARIS-19', '75019', 3, 6, 9, 8, 18),
('PARIS-20', '75020', 3, 6, 9, 8, 18),

-- ============================================================================
-- SEINE-ET-MARNE (77)
-- ============================================================================
('MELUN', '77000', 24, 27, 30, 28, 31),
('COLLEGIEN', '77090', 15, 18, 21, 19, 22),
('MEAUX', '77100', 20, 23, 26, 24, 27),
('BRIE-COMTE-ROBERT', '77170', 20, 25, 30, 25, 30),
('NOISIEL', '77186', 15, 18, 21, 19, 22),
('DAMMARIE-LES-LYS', '77190', 22, 25, 28, 26, 29),
('TORCY', '77200', 15, 18, 21, 19, 22),
('MITRY-MORY', '77290', 14, 17, 20, 18, 21),
('FONTAINEBLEAU', '77300', 30, 33, 36, 34, 37),
('LE-MEE-SUR-SEINE', '77350', 23, 26, 29, 27, 30),
('LAGNY-SUR-MARNE', '77400', 12, 15, 18, 16, 19),
('CHAMPS-SUR-MARNE', '77420', 10, 13, 16, 14, 17),
('MARNE-LA-VALLEE', '77420', 15, 18, 21, 19, 22),
('CHELLES', '77500', 12, 15, 18, 16, 19),
('BUSSY-SAINT-GEORGES', '77600', 13, 16, 19, 17, 20),
('SERRIS', '77700', 14, 17, 20, 18, 21),
('MONTEREAU-FAULT-YONNE', '77130', 25, 28, 31, 29, 32),

-- ============================================================================
-- YVELINES (78)
-- ============================================================================
('VERSAILLES', '78000', 9, 12, 15, 13, 16),
('LES-MUREAUX', '78130', 15, 18, 21, 19, 22),
('LE-CHESNAY', '78150', 8, 11, 14, 12, 15),
('LA-CELLE-SAINT-CLOUD', '78170', 6, 9, 12, 10, 13),
('SAINT-QUENTIN-EN-YVELINES', '78180', 13, 16, 19, 17, 20),
('TRAPPES', '78190', 16, 19, 22, 20, 23),
('MANTES-LA-JOLIE', '78200', 15, 18, 21, 19, 22),
('POISSY', '78300', 10, 13, 16, 14, 17),
('PLAISIR', '78370', 17, 20, 23, 21, 24),
('BOUGIVAL', '78380', 8, 11, 14, 12, 15),
('CHATOU', '78400', 7, 10, 13, 11, 14),
('LOUVECIENNES', '78430', 8, 11, 14, 12, 15),
('SARTROUVILLE', '78500', 9, 12, 15, 13, 16),
('BUC', '78530', 10, 13, 16, 14, 17),
('MAISONS-LAFFITTE', '78600', 9, 12, 15, 13, 16),
('VOISINS-LE-BRETONNEUX', '78960', 14, 17, 20, 18, 21),

-- ============================================================================
-- ESSONNE (91)
-- ============================================================================
('EVRY', '91000', 15, 18, 21, 19, 22),
('BONDOUFLE', '91070', 14, 17, 20, 18, 21),
('COURCOURONNES', '91080', 15, 18, 21, 19, 22),
('CORBEIL-ESSONNES', '91100', 14, 17, 20, 18, 21),
('LONGJUMEAU', '91160', 10, 13, 16, 14, 17),
('VIRY-CHATILLON', '91170', 10, 3, 6, 14, 5),
('GIF-SUR-YVETTE', '91190', 6, 8, 6, 10, 6),
('ATHIS-MONS', '91200', 8, 11, 14, 12, 15),
('JUVISY', '91260', 10, 13, 16, 14, 17),
('MASSY', '91300', 8, 11, 14, 12, 15),
('CHILLY-MAZARIN', '91380', 10, 13, 16, 14, 17),
('ORSAY', '91400', 12, 15, 18, 16, 19),
('MORANGIS', '91420', 10, 13, 16, 14, 17),
('SAVIGNY-SUR-ORGE', '91600', 10, 13, 16, 14, 17),
('BRUNOY', '91800', 12, 15, 18, 16, 19),
('FLEURY-MEROGIS', '91700', 9, 3, 10, 4, 6),
('LES-ULIS', '91940', 13, 16, 19, 17, 20),

-- ============================================================================
-- HAUTS-DE-SEINE (92)
-- ============================================================================
('NANTERRE', '92000', 5, 8, 11, 9, 12),
('BOULOGNE-BILLANCOURT', '92100', 2, 4, 6, 6, 9),
('NEUILLY-SUR-SEINE', '92200', 2, 4, 6, 6, 9),
('LEVALLOIS-PERRET', '92300', 2, 4, 6, 6, 9),
('COURBEVOIE', '92400', 3, 6, 9, 7, 10),
('RUEIL-MALMAISON', '92500', 5, 8, 11, 9, 12),
('ASNIERES-SUR-SEINE', '92600', 3, 6, 9, 7, 10),
('COLOMBES', '92700', 4, 7, 10, 8, 11),
('PUTEAUX', '92800', 3, 6, 9, 7, 10),
('BAGNEUX', '92220', 4, 7, 10, 8, 11),
('FONTENAY-AUX-ROSES', '92260', 6, 7, 5, 3, 8),
('CHATENAY-MALABRY', '92290', 6, 9, 12, 10, 13),
('CHATILLON', '92320', 3, 6, 9, 7, 10),
('LE-PLESSIS-ROBINSON', '92350', 8, 7, 8, 5, 7),
('CHAVILLE', '92370', 6, 9, 12, 10, 13),
('MARNES-LA-COQUETTE', '92430', 9, 12, 15, 13, 16),
('CLICHY', '92110', 2, 4, 6, 6, 9),
('VILLE-D-AVRAY', '92410', 5, 7, 8, 7, 9),
('SEVRES', '92310', 7, 8, 9, 8, 9),
('GARCHES', '92380', 7, 10, 13, 12, 15),
('ISSY-LES-MOULINEAUX', '92130', 4, 6, 8, 7, 9),
('CLAMART', '92140', 4, 6, 8, 7, 9),
('VANVES', '92170', 4, 7, 10, 8, 11),
('MEUDON', '92190', 5, 7, 9, 7, 9),
('LA-GARENNE-COLOMBES', '92250', 4, 6, 8, 7, 9),
('BOIS-COLOMBES', '92270', 4, 6, 8, 7, 9),

-- ============================================================================
-- SEINE-SAINT-DENIS (93)
-- ============================================================================
('BOBIGNY', '93000', 6, 9, 12, 10, 13),
('MONTREUIL', '93100', 4, 7, 11, 8, 11),
('SAINT-DENIS', '93200', 4, 7, 10, 8, 11),
('AUBERVILLIERS', '93300', 3, 6, 9, 7, 10),
('SAINT-OUEN', '93400', 3, 6, 9, 7, 10),
('PANTIN', '93500', 4, 7, 10, 7, 10),
('AULNAY-SOUS-BOIS', '93600', 9, 12, 15, 13, 16),
('DRANCY', '93700', 6, 9, 12, 10, 13),
('EPINAY-SUR-SEINE', '93800', 8, 11, 14, 12, 15),
('LA-COURNEUVE', '93120', 5, 8, 11, 9, 12),
('LE-BLANC-MESNIL', '93150', 8, 11, 14, 12, 15),
('LIVRY-GARGAN', '93190', 8, 11, 14, 12, 15),
('GAGNY', '93220', 9, 12, 15, 13, 16),
('ROMAINVILLE', '93230', 6, 9, 12, 10, 13),
('STAINS', '93240', 4, 8, 11, 9, 12),
('VILLEMOMBLE', '93250', 8, 11, 14, 12, 15),
('LES-LILAS', '93260', 6, 8, 11, 9, 12),
('LE-PRE-SAINT-GERVAIS', '93310', 6, 8, 11, 9, 12),
('LES-PAVILLONS-SOUS-BOIS', '93320', 8, 11, 14, 12, 15),
('NEUILLY-SUR-MARNE', '93330', 8, 11, 14, 12, 15),
('LE-RAINCY', '93340', 8, 11, 14, 12, 15),
('LE-BOURGET', '93350', 6, 9, 12, 10, 13),
('NEUILLY-PLAISANCE', '93360', 8, 11, 14, 12, 15),
('MONTFERMEIL', '93370', 9, 12, 15, 13, 16),
('PIERREFITTE-SUR-SEINE', '93380', 7, 10, 13, 11, 14),
('CLICHY-SOUS-BOIS', '93390', 8, 11, 14, 12, 15),
('VAUJOURS', '93410', 8, 11, 14, 12, 15),
('VILLEPINTE', '93420', 9, 12, 15, 13, 16),
('VILLETANEUSE', '93430', 7, 10, 13, 11, 14),
('DUGNY', '93440', 6, 9, 12, 10, 13),
('L-ILE-SAINT-DENIS', '93450', 5, 8, 11, 9, 12),
('GOURNAY-SUR-MARNE', '93460', 8, 11, 14, 12, 15),
('COUBRON', '93470', 9, 12, 15, 13, 16),

-- ============================================================================
-- VAL-DE-MARNE (94)
-- ============================================================================
('CRETEIL', '94000', 7, 10, 13, 11, 14),
('SAINT-MAUR-DES-FOSSES', '94100', 8, 11, 14, 12, 15),
('ARCUEIL', '94110', 6, 7, 10, 8, 11),
('FONTENAY-SOUS-BOIS', '94120', 7, 10, 13, 11, 14),
('NOGENT-SUR-MARNE', '94130', 8, 11, 14, 12, 15),
('ALFORTVILLE', '94140', 5, 8, 11, 9, 12),
('RUNGIS', '94150', 7, 10, 13, 11, 14),
('SAINT-MANDE', '94160', 4, 7, 10, 8, 11),
('IVRY-SUR-SEINE', '94200', 4, 7, 10, 8, 11),
('CHARENTON-LE-PONT', '94220', 4, 7, 10, 8, 11),
('CACHAN', '94230', 6, 7, 10, 8, 11),
('L-HAY-LES-ROSES', '94240', 5, 8, 11, 9, 12),
('GENTILLY', '94250', 6, 8, 11, 9, 12),
('FRESNES', '94260', 6, 8, 11, 9, 12),
('LE-KREMLIN-BICETRE', '94270', 4, 7, 10, 8, 11),
('VILLENEUVE-LE-ROI', '94290', 7, 10, 13, 11, 14),
('VINCENNES', '94300', 4, 7, 10, 8, 11),
('ORLY', '94310', 7, 10, 13, 11, 14),
('THIAIS', '94320', 7, 10, 13, 11, 14),
('JOINVILLE-LE-PONT', '94340', 8, 11, 14, 12, 15),
('VILLIERS-SUR-MARNE', '94350', 8, 11, 14, 12, 15),
('VITRY-SUR-SEINE', '94400', 5, 8, 11, 9, 12),
('SAINT-MAURICE', '94410', 6, 8, 11, 9, 12),
('LE-PLESSIS-TREVISE', '94420', 8, 11, 14, 12, 15),
('CHENNEVIERES-SUR-MARNE', '94430', 8, 11, 14, 12, 15),
('MAROLLES-EN-BRIE', '94440', 9, 12, 15, 13, 16),
('LIMEIL-BREVANNES', '94450', 8, 11, 14, 12, 15),
('VALENTON', '94460', 7, 10, 13, 11, 14),
('BOISSY-SAINT-LEGER', '94470', 8, 11, 14, 12, 15),
('ORMESSON-SUR-MARNE', '94490', 8, 11, 14, 12, 15),
('CHAMPIGNY-SUR-MARNE', '94500', 7, 10, 13, 11, 14),
('LA-QUEUE-EN-BRIE', '94510', 9, 12, 15, 13, 16),
('MANDRES-LES-ROSES', '94520', 9, 12, 15, 13, 16),
('CHEVILLY-LARUE', '94550', 6, 8, 11, 9, 12),
('CHOISY-LE-ROI', '94600', 7, 10, 13, 11, 14),
('MAISONS-ALFORT', '94700', 5, 8, 11, 9, 12),
('VILLEJUIF', '94800', 4, 7, 10, 8, 11),
('NOISEAU', '94880', 9, 12, 15, 13, 16),

-- ============================================================================
-- VAL-D'OISE (95)
-- ============================================================================
('CERGY-PONTOISE', '95000', 15, 18, 21, 19, 22),
('ARGENTEUIL', '95100', 7, 10, 13, 11, 14),
('ERMONT', '95120', 10, 13, 16, 14, 17),
('FRANCONVILLE', '95130', 6, 7, 6, 10, 6),
('GARGES-LES-GONESSE', '95140', 6, 8, 6, 10, 6),
('TAVERNY', '95150', 10, 13, 16, 14, 17),
('MONTMORENCY', '95160', 6, 7, 6, 10, 6),
('DEUIL-LA-BARRE', '95170', 9, 3, 10, 4, 6),
('GOUSSAINVILLE', '95190', 10, 13, 16, 14, 17),
('SARCELLES', '95200', 13, 16, 19, 17, 20),
('SAINT-GRATIEN', '95210', 9, 12, 15, 13, 16),
('HERBLAY', '95220', 10, 13, 16, 14, 17),
('SOISY-SOUS-MONTMORENCY', '95230', 10, 13, 16, 14, 17),
('CORMEILLES-EN-PARISIS', '95240', 8, 11, 14, 12, 15),
('BEAUCHAMP', '95250', 10, 13, 16, 14, 17),
('MONTMAGNY', '95360', 7, 10, 13, 11, 14),
('VIARMES', '95270', 12, 15, 18, 16, 19),
('JOUY-LE-MOUTIER', '95280', 12, 15, 18, 16, 19),
('L-ISLE-ADAM', '95290', 12, 15, 18, 16, 19),
('PONTOISE', '95300', 15, 18, 21, 19, 22),
('SAINT-OUEN-L-AUMONE', '95310', 14, 17, 20, 18, 21),
('SAINT-PRIX', '95390', 12, 15, 18, 16, 19),
('DOMONT', '95330', 10, 13, 16, 14, 17),
('PERSAN', '95340', 13, 16, 19, 17, 20),
('SAINT-BRICE-SOUS-FORET', '95350', 10, 13, 16, 14, 17),
('MONTIGNY-LES-CORMEILLES', '95370', 10, 13, 16, 14, 17),
('LOUVRES', '95380', 12, 15, 18, 16, 19),
('VILLIERS-LE-BEL', '95400', 13, 16, 19, 17, 20),
('GROSLAY', '95410', 6, 10, 6, 10, 6),
('MAGNY-EN-VEXIN', '95420', 17, 20, 23, 21, 24),
('AUVERS-SUR-OISE', '95430', 12, 15, 18, 16, 19),
('ECOUEN', '95440', 10, 13, 16, 14, 17),
('US', '95450', 17, 20, 23, 21, 24),
('EZANVILLE', '95460', 10, 13, 16, 14, 17),
('FOSSES', '95470', 12, 15, 18, 16, 19),
('PIERRELAYE', '95480', 10, 13, 16, 14, 17),
('VAUDHERLAND', '95490', 13, 16, 19, 17, 20),
('GONESSE', '95500', 10, 13, 16, 14, 17),
('VEMARS', '95470', 12, 15, 18, 16, 19),
('OSNY', '95520', 15, 18, 21, 19, 22),
('LA-FRETTE-SUR-SEINE', '95530', 8, 11, 14, 12, 15),
('MERY-SUR-OISE', '95540', 12, 15, 18, 16, 19),
('BESSANCOURT', '95550', 12, 15, 18, 16, 19),
('BAILLET-EN-FRANCE', '95560', 12, 15, 18, 16, 19),
('ATTAINVILLE', '95570', 12, 15, 18, 16, 19),
('ANDILLY', '95580', 7, 10, 13, 11, 14),
('PRESLES', '95590', 12, 15, 18, 16, 19),
('EAUBONNE', '95600', 12, 15, 18, 16, 19),
('ERAGNY', '95610', 12, 15, 18, 16, 19),
('PARMAIN', '95620', 12, 15, 18, 16, 19),
('MERIEL', '95630', 12, 15, 18, 16, 19),
('MARLY-LA-VILLE', '95670', 12, 15, 18, 16, 19),
('BOISSY-L-AILLERIE', '95650', 15, 18, 21, 19, 22),
('CHAMPAGNE-SUR-OISE', '95660', 12, 15, 18, 16, 19),
('MONTLOUIS', '95680', 13, 16, 19, 17, 20),
('LABBEVILLE', '95690', 17, 20, 23, 21, 24),
('ROISSY-EN-FRANCE', '95700', 12, 15, 18, 16, 19),
('BRAY-ET-LU', '95710', 17, 20, 23, 21, 24),
('LE-PLESSIS-LUZARCHES', '95270', 12, 15, 18, 16, 19),
('ENGHIEN-LES-BAINS', '95880', 9, 12, 15, 13, 16),
('FREPILLON', '95740', 12, 15, 18, 16, 19),
('CHARS', '95750', 17, 20, 23, 21, 24),
('VALMONDOIS', '95760', 12, 15, 18, 16, 19),
('SAINT-CLAIR-SUR-EPTE', '95770', 17, 20, 23, 21, 24),
('CHERSY', '95510', 17, 20, 23, 21, 24),
('MOUSSY-LE-NEUF', '95560', 12, 15, 18, 16, 19),
('CERGY', '95800', 15, 18, 21, 19, 22),
('EPERNAY-SUR-OISE', '95810', 12, 15, 18, 16, 19),
('BRUYERES-SUR-OISE', '95820', 12, 15, 18, 16, 19),
('CORMEILLES-EN-VEXIN', '95830', 17, 20, 23, 21, 24),
('VALLANGOUJARD', '95810', 17, 20, 23, 21, 24),
('MAREIL-SUR-OURCQ', '95340', 17, 20, 23, 21, 24),
('BEAUMONT-SUR-OISE', '95260', 12, 15, 18, 16, 19),
('BERNES-SUR-OISE', '95340', 12, 15, 18, 16, 19);

-- ============================================================================
-- VÉRIFICATION
-- ============================================================================

-- Compter le nombre total de villes insérées
SELECT COUNT(*) as total_cities FROM public.city_pricing;

-- Afficher quelques exemples
SELECT city_name, price_normal, price_express, price_urgence 
FROM public.city_pricing 
ORDER BY city_name 
LIMIT 10;

-- ============================================================================
-- FIN DU SCRIPT
-- ============================================================================
